Room Number,Floor,Building Name,House Name,Room Type,Original Image
839B,3,Burton-Judson,Salisbury,Single,001_BJ_Salisbury_3_pdf_house_0.png
830A,3,Burton-Judson,Salisbury,Single,001_BJ_Salisbury_3_pdf_house_0.png
830B,3,Burton-Judson,Salisbury,Single,001_BJ_Salisbury_3_pdf_house_0.png
839A,3,Burton-Judson,Salisbury,Single,001_BJ_Salisbury_3_pdf_house_0.png
838,3,Burton-Judson,Salisbury,Single,001_BJ_Salisbury_3_pdf_house_0.png
831,3,Burton-Judson,Salisbury,Single,001_BJ_Salisbury_3_pdf_house_0.png
832,3,Burton-Judson,Salisbury,Single,001_BJ_Salisbury_3_pdf_house_0.png
837,3,Burton-Judson,Salisbury,Single,001_BJ_Salisbury_3_pdf_house_0.png
836,3,Burton-Judson,Salisbury,Single,001_BJ_Salisbury_3_pdf_house_0.png
833,3,Burton-Judson,Salisbury,Single,001_BJ_Salisbury_3_pdf_house_0.png
834,3,Burton-Judson,Salisbury,Single,001_BJ_Salisbury_3_pdf_house_0.png
835,3,Burton-Judson,Salisbury,Double,001_BJ_Salisbury_3_pdf_house_0.png
829,2,Burton-Judson,Salisbury,Single,002_BJ_Salisbury_2_pdf_house_0.png
828,2,Burton-Judson,Salisbury,Single,002_BJ_Salisbury_2_pdf_house_0.png
827,2,Burton-Judson,Salisbury,Single,002_BJ_Salisbury_2_pdf_house_0.png
826,2,Burton-Judson,Salisbury,Single,002_BJ_Salisbury_2_pdf_house_0.png
825,2,Burton-Judson,Salisbury,Single,002_BJ_Salisbury_2_pdf_house_0.png
824,2,Burton-Judson,Salisbury,Double,002_BJ_Salisbury_2_pdf_house_0.png
439B,3,Burton-Judson,Vincent,Single,003_BJ_Vincent_3_pdf_house_0.png
439A,3,Burton-Judson,Vincent,Single,003_BJ_Vincent_3_pdf_house_0.png
438,3,Burton-Judson,Vincent,Single,003_BJ_Vincent_3_pdf_house_0.png
437,3,Burton-Judson,Vincent,Single,003_BJ_Vincent_3_pdf_house_0.png
436,3,Burton-Judson,Vincent,Single,003_BJ_Vincent_3_pdf_house_0.png
435B,3,Burton-Judson,Vincent,Single,003_BJ_Vincent_3_pdf_house_0.png
435A,3,Burton-Judson,Vincent,Single,003_BJ_Vincent_3_pdf_house_0.png
430,3,Burton-Judson,Vincent,Single,003_BJ_Vincent_3_pdf_house_0.png
431,3,Burton-Judson,Vincent,Single,003_BJ_Vincent_3_pdf_house_0.png
432,3,Burton-Judson,Vincent,Single,003_BJ_Vincent_3_pdf_house_0.png
433,3,Burton-Judson,Vincent,Single,003_BJ_Vincent_3_pdf_house_0.png
434,3,Burton-Judson,Vincent,Single,003_BJ_Vincent_3_pdf_house_0.png
457,5,Burton-Judson,Vincent,Single,004_BJ_Vincent_5_pdf_house_0.png
456,5,Burton-Judson,Vincent,Single,004_BJ_Vincent_5_pdf_house_0.png
454,5,Burton-Judson,Vincent,Single,004_BJ_Vincent_5_pdf_house_0.png
453,5,Burton-Judson,Vincent,Single,004_BJ_Vincent_5_pdf_house_0.png
450,5,Burton-Judson,Vincent,Single,004_BJ_Vincent_5_pdf_house_0.png
451,5,Burton-Judson,Vincent,Single,004_BJ_Vincent_5_pdf_house_0.png
452,5,Burton-Judson,Vincent,Single,004_BJ_Vincent_5_pdf_house_0.png
418,1,Burton-Judson,Vincent,Single,005_BJ_Vincent_1_pdf_house_0.png
417,1,Burton-Judson,Vincent,Single,005_BJ_Vincent_1_pdf_house_0.png
416,1,Burton-Judson,Vincent,Single,005_BJ_Vincent_1_pdf_house_0.png
415B,1,Burton-Judson,Vincent,Single,005_BJ_Vincent_1_pdf_house_0.png
415A,1,Burton-Judson,Vincent,Single,005_BJ_Vincent_1_pdf_house_0.png
410,1,Burton-Judson,Vincent,Single,005_BJ_Vincent_1_pdf_house_0.png
411,1,Burton-Judson,Vincent,Single,005_BJ_Vincent_1_pdf_house_0.png
412,1,Burton-Judson,Vincent,Single,005_BJ_Vincent_1_pdf_house_0.png
413,1,Burton-Judson,Vincent,Single,005_BJ_Vincent_1_pdf_house_0.png
414,1,Burton-Judson,Vincent,Single,005_BJ_Vincent_1_pdf_house_0.png
420,2,Burton-Judson,Vincent,Single,006_BJ_Vincent_2_pdf_house_0.png
421,2,Burton-Judson,Vincent,Single,006_BJ_Vincent_2_pdf_house_0.png
422,2,Burton-Judson,Vincent,Single,006_BJ_Vincent_2_pdf_house_0.png
423,2,Burton-Judson,Vincent,Single,006_BJ_Vincent_2_pdf_house_0.png
424,2,Burton-Judson,Vincent,Single,006_BJ_Vincent_2_pdf_house_0.png
449B,4,Burton-Judson,Vincent,Single,007_BJ_Vincent_4_pdf_house_0.png
449A,4,Burton-Judson,Vincent,Single,007_BJ_Vincent_4_pdf_house_0.png
448,4,Burton-Judson,Vincent,Single,007_BJ_Vincent_4_pdf_house_0.png
447,4,Burton-Judson,Vincent,Single,007_BJ_Vincent_4_pdf_house_0.png
446,4,Burton-Judson,Vincent,Single,007_BJ_Vincent_4_pdf_house_0.png
445B,4,Burton-Judson,Vincent,Single,007_BJ_Vincent_4_pdf_house_0.png
445A,4,Burton-Judson,Vincent,Single,007_BJ_Vincent_4_pdf_house_0.png
440,4,Burton-Judson,Vincent,Single,007_BJ_Vincent_4_pdf_house_0.png
441,4,Burton-Judson,Vincent,Single,007_BJ_Vincent_4_pdf_house_0.png
442,4,Burton-Judson,Vincent,Single,007_BJ_Vincent_4_pdf_house_0.png
443,4,Burton-Judson,Vincent,Single,007_BJ_Vincent_4_pdf_house_0.png
444,4,Burton-Judson,Vincent,Single,007_BJ_Vincent_4_pdf_house_0.png
840,4,Burton-Judson,Salisbury,Single,008_BJ_Salisbury_4_pdf_house_0.png
848,4,Burton-Judson,Salisbury,Single,008_BJ_Salisbury_4_pdf_house_0.png
841,4,Burton-Judson,Salisbury,Single,008_BJ_Salisbury_4_pdf_house_0.png
842,4,Burton-Judson,Salisbury,Single,008_BJ_Salisbury_4_pdf_house_0.png
846,4,Burton-Judson,Salisbury,Single,008_BJ_Salisbury_4_pdf_house_0.png
845,4,Burton-Judson,Salisbury,Single,008_BJ_Salisbury_4_pdf_house_0.png
843,4,Burton-Judson,Salisbury,Single,008_BJ_Salisbury_4_pdf_house_0.png
844,4,Burton-Judson,Salisbury,Single,008_BJ_Salisbury_4_pdf_house_0.png
810,1,Burton-Judson,Salisbury,Double,009_BJ_Salisbury_1_pdf_house_0.png
817,1,Burton-Judson,Salisbury,Single,009_BJ_Salisbury_1_pdf_house_0.png
811,1,Burton-Judson,Salisbury,Single,009_BJ_Salisbury_1_pdf_house_0.png
816,1,Burton-Judson,Salisbury,Single,009_BJ_Salisbury_1_pdf_house_0.png
812,1,Burton-Judson,Salisbury,Single,009_BJ_Salisbury_1_pdf_house_0.png
815,1,Burton-Judson,Salisbury,Single,009_BJ_Salisbury_1_pdf_house_0.png
813,1,Burton-Judson,Salisbury,Single,009_BJ_Salisbury_1_pdf_house_0.png
814,1,Burton-Judson,Salisbury,Single,009_BJ_Salisbury_1_pdf_house_0.png
639D,3,Burton-Judson,Linn Mathews,Single,010_BJ_Linn_Mathews_3_pdf_house_0.png
639C,3,Burton-Judson,Linn Mathews,Single,010_BJ_Linn_Mathews_3_pdf_house_0.png
639B,3,Burton-Judson,Linn Mathews,Single,010_BJ_Linn_Mathews_3_pdf_house_0.png
639A,3,Burton-Judson,Linn Mathews,Single,010_BJ_Linn_Mathews_3_pdf_house_0.png
638,3,Burton-Judson,Linn Mathews,Double,010_BJ_Linn_Mathews_3_pdf_house_0.png
639E,3,Burton-Judson,Linn Mathews,Single,010_BJ_Linn_Mathews_3_pdf_house_0.png
639F,3,Burton-Judson,Linn Mathews,Single,010_BJ_Linn_Mathews_3_pdf_house_0.png
637,3,Burton-Judson,Linn Mathews,Single,010_BJ_Linn_Mathews_3_pdf_house_0.png
630,3,Burton-Judson,Linn Mathews,Single,010_BJ_Linn_Mathews_3_pdf_house_0.png
636,3,Burton-Judson,Linn Mathews,Single,010_BJ_Linn_Mathews_3_pdf_house_0.png
631,3,Burton-Judson,Linn Mathews,Single,010_BJ_Linn_Mathews_3_pdf_house_0.png
635,3,Burton-Judson,Linn Mathews,Single,010_BJ_Linn_Mathews_3_pdf_house_0.png
632,3,Burton-Judson,Linn Mathews,Single,010_BJ_Linn_Mathews_3_pdf_house_0.png
634,3,Burton-Judson,Linn Mathews,Single,010_BJ_Linn_Mathews_3_pdf_house_0.png
633,3,Burton-Judson,Linn Mathews,Double,010_BJ_Linn_Mathews_3_pdf_house_0.png
734,3,Burton-Judson,Linn Mathews,Double,010_BJ_Linn_Mathews_3_pdf_house_0.png
735,3,Burton-Judson,Linn Mathews,Single,010_BJ_Linn_Mathews_3_pdf_house_0.png
736,3,Burton-Judson,Linn Mathews,Single,010_BJ_Linn_Mathews_3_pdf_house_0.png
733,3,Burton-Judson,Linn Mathews,Single,010_BJ_Linn_Mathews_3_pdf_house_0.png
737,3,Burton-Judson,Linn Mathews,Single,010_BJ_Linn_Mathews_3_pdf_house_0.png
732,3,Burton-Judson,Linn Mathews,Single,010_BJ_Linn_Mathews_3_pdf_house_0.png
738,3,Burton-Judson,Linn Mathews,Single,010_BJ_Linn_Mathews_3_pdf_house_0.png
731,3,Burton-Judson,Linn Mathews,Single,010_BJ_Linn_Mathews_3_pdf_house_0.png
739,3,Burton-Judson,Linn Mathews,Single,010_BJ_Linn_Mathews_3_pdf_house_0.png
730B,3,Burton-Judson,Linn Mathews,Single,010_BJ_Linn_Mathews_3_pdf_house_0.png
730A,3,Burton-Judson,Linn Mathews,Single,010_BJ_Linn_Mathews_3_pdf_house_0.png
647,4,Burton-Judson,Linn Mathews,Single,011_BJ_Linn_Mathews_4_pdf_house_0.png
646,4,Burton-Judson,Linn Mathews,Single,011_BJ_Linn_Mathews_4_pdf_house_0.png
645,4,Burton-Judson,Linn Mathews,Double,011_BJ_Linn_Mathews_4_pdf_house_0.png
640,4,Burton-Judson,Linn Mathews,Single,011_BJ_Linn_Mathews_4_pdf_house_0.png
644,4,Burton-Judson,Linn Mathews,Double,011_BJ_Linn_Mathews_4_pdf_house_0.png
643,4,Burton-Judson,Linn Mathews,Single,011_BJ_Linn_Mathews_4_pdf_house_0.png
642,4,Burton-Judson,Linn Mathews,Single,011_BJ_Linn_Mathews_4_pdf_house_0.png
743,4,Burton-Judson,Linn Mathews,Single,011_BJ_Linn_Mathews_4_pdf_house_0.png
744,4,Burton-Judson,Linn Mathews,Single,011_BJ_Linn_Mathews_4_pdf_house_0.png
742,4,Burton-Judson,Linn Mathews,Single,011_BJ_Linn_Mathews_4_pdf_house_0.png
745,4,Burton-Judson,Linn Mathews,Single,011_BJ_Linn_Mathews_4_pdf_house_0.png
746,4,Burton-Judson,Linn Mathews,Single,011_BJ_Linn_Mathews_4_pdf_house_0.png
740,4,Burton-Judson,Linn Mathews,Double,011_BJ_Linn_Mathews_4_pdf_house_0.png
231,3,Burton-Judson,Dodd Mead,Single,012_BJ_Dodd_Mead_3_pdf_house_0.png
230,3,Burton-Judson,Dodd Mead,Single,012_BJ_Dodd_Mead_3_pdf_house_0.png
239,3,Burton-Judson,Dodd Mead,Double,012_BJ_Dodd_Mead_3_pdf_house_0.png
232,3,Burton-Judson,Dodd Mead,Double,012_BJ_Dodd_Mead_3_pdf_house_0.png
233,3,Burton-Judson,Dodd Mead,Single,012_BJ_Dodd_Mead_3_pdf_house_0.png
234,3,Burton-Judson,Dodd Mead,Single,012_BJ_Dodd_Mead_3_pdf_house_0.png
238,3,Burton-Judson,Dodd Mead,Single,012_BJ_Dodd_Mead_3_pdf_house_0.png
235,3,Burton-Judson,Dodd Mead,Single,012_BJ_Dodd_Mead_3_pdf_house_0.png
237,3,Burton-Judson,Dodd Mead,Single,012_BJ_Dodd_Mead_3_pdf_house_0.png
236,3,Burton-Judson,Dodd Mead,Single,012_BJ_Dodd_Mead_3_pdf_house_0.png
134,3,Burton-Judson,Dodd Mead,Double,012_BJ_Dodd_Mead_3_pdf_house_0.png
135,3,Burton-Judson,Dodd Mead,Single,012_BJ_Dodd_Mead_3_pdf_house_0.png
133,3,Burton-Judson,Dodd Mead,Single,012_BJ_Dodd_Mead_3_pdf_house_0.png
136,3,Burton-Judson,Dodd Mead,Single,012_BJ_Dodd_Mead_3_pdf_house_0.png
132,3,Burton-Judson,Dodd Mead,Single,012_BJ_Dodd_Mead_3_pdf_house_0.png
137,3,Burton-Judson,Dodd Mead,Single,012_BJ_Dodd_Mead_3_pdf_house_0.png
131,3,Burton-Judson,Dodd Mead,Single,012_BJ_Dodd_Mead_3_pdf_house_0.png
138A,3,Burton-Judson,Dodd Mead,Single,012_BJ_Dodd_Mead_3_pdf_house_0.png
130,3,Burton-Judson,Dodd Mead,Single,012_BJ_Dodd_Mead_3_pdf_house_0.png
138B,3,Burton-Judson,Dodd Mead,Single,012_BJ_Dodd_Mead_3_pdf_house_0.png
619C,1,Burton-Judson,Linn Mathews,Single,013_BJ_Linn_Mathews_1_pdf_house_0.png
619B,1,Burton-Judson,Linn Mathews,Single,013_BJ_Linn_Mathews_1_pdf_house_0.png
619A,1,Burton-Judson,Linn Mathews,Single,013_BJ_Linn_Mathews_1_pdf_house_0.png
618,1,Burton-Judson,Linn Mathews,Double,013_BJ_Linn_Mathews_1_pdf_house_0.png
610,1,Burton-Judson,Linn Mathews,Single,013_BJ_Linn_Mathews_1_pdf_house_0.png
617,1,Burton-Judson,Linn Mathews,Single,013_BJ_Linn_Mathews_1_pdf_house_0.png
611,1,Burton-Judson,Linn Mathews,Double,013_BJ_Linn_Mathews_1_pdf_house_0.png
616,1,Burton-Judson,Linn Mathews,Single,013_BJ_Linn_Mathews_1_pdf_house_0.png
615,1,Burton-Judson,Linn Mathews,Single,013_BJ_Linn_Mathews_1_pdf_house_0.png
614,1,Burton-Judson,Linn Mathews,Single,013_BJ_Linn_Mathews_1_pdf_house_0.png
714,1,Burton-Judson,Linn Mathews,Single,013_BJ_Linn_Mathews_1_pdf_house_0.png
715,1,Burton-Judson,Linn Mathews,Single,013_BJ_Linn_Mathews_1_pdf_house_0.png
712,1,Burton-Judson,Linn Mathews,Single,013_BJ_Linn_Mathews_1_pdf_house_0.png
716,1,Burton-Judson,Linn Mathews,Single,013_BJ_Linn_Mathews_1_pdf_house_0.png
711,1,Burton-Judson,Linn Mathews,Single,013_BJ_Linn_Mathews_1_pdf_house_0.png
717,1,Burton-Judson,Linn Mathews,Double,013_BJ_Linn_Mathews_1_pdf_house_0.png
710,1,Burton-Judson,Linn Mathews,Double,013_BJ_Linn_Mathews_1_pdf_house_0.png
629D,2,Burton-Judson,Linn Mathews,Single,014_BJ_Linn_Mathews_2_pdf_house_0.png
629C,2,Burton-Judson,Linn Mathews,Single,014_BJ_Linn_Mathews_2_pdf_house_0.png
629B,2,Burton-Judson,Linn Mathews,Single,014_BJ_Linn_Mathews_2_pdf_house_0.png
629A,2,Burton-Judson,Linn Mathews,Single,014_BJ_Linn_Mathews_2_pdf_house_0.png
629,2,Burton-Judson,Linn Mathews,Double,014_BJ_Linn_Mathews_2_pdf_house_0.png
620,2,Burton-Judson,Linn Mathews,Single,014_BJ_Linn_Mathews_2_pdf_house_0.png
621,2,Burton-Judson,Linn Mathews,Single,014_BJ_Linn_Mathews_2_pdf_house_0.png
622,2,Burton-Judson,Linn Mathews,Single,014_BJ_Linn_Mathews_2_pdf_house_0.png
623,2,Burton-Judson,Linn Mathews,Double,014_BJ_Linn_Mathews_2_pdf_house_0.png
722,2,Burton-Judson,Linn Mathews,Single,014_BJ_Linn_Mathews_2_pdf_house_0.png
724,2,Burton-Judson,Linn Mathews,Single,014_BJ_Linn_Mathews_2_pdf_house_0.png
725,2,Burton-Judson,Linn Mathews,Single,014_BJ_Linn_Mathews_2_pdf_house_0.png
726,2,Burton-Judson,Linn Mathews,Single,014_BJ_Linn_Mathews_2_pdf_house_0.png
727,2,Burton-Judson,Linn Mathews,Single,014_BJ_Linn_Mathews_2_pdf_house_0.png
728,2,Burton-Judson,Linn Mathews,Single,014_BJ_Linn_Mathews_2_pdf_house_0.png
210,1,Burton-Judson,Dodd Mead,Single,015_BJ_Dodd_Mead_1_pdf_house_0.png
211,1,Burton-Judson,Dodd Mead,Single,015_BJ_Dodd_Mead_1_pdf_house_0.png
212,1,Burton-Judson,Dodd Mead,Single,015_BJ_Dodd_Mead_1_pdf_house_0.png
217,1,Burton-Judson,Dodd Mead,Single,015_BJ_Dodd_Mead_1_pdf_house_0.png
213,1,Burton-Judson,Dodd Mead,Single,015_BJ_Dodd_Mead_1_pdf_house_0.png
216,1,Burton-Judson,Dodd Mead,Single,015_BJ_Dodd_Mead_1_pdf_house_0.png
115,1,Burton-Judson,Dodd Mead,Double,015_BJ_Dodd_Mead_1_pdf_house_0.png
113,1,Burton-Judson,Dodd Mead,Single,015_BJ_Dodd_Mead_1_pdf_house_0.png
112,1,Burton-Judson,Dodd Mead,Single,015_BJ_Dodd_Mead_1_pdf_house_0.png
116,1,Burton-Judson,Dodd Mead,Single,015_BJ_Dodd_Mead_1_pdf_house_0.png
111,1,Burton-Judson,Dodd Mead,Single,015_BJ_Dodd_Mead_1_pdf_house_0.png
110,1,Burton-Judson,Dodd Mead,Single,015_BJ_Dodd_Mead_1_pdf_house_0.png
117,1,Burton-Judson,Dodd Mead,Single,015_BJ_Dodd_Mead_1_pdf_house_0.png
240,4,Burton-Judson,Dodd Mead,Double,016_BJ_Dodd_Mead_4_pdf_house_0.png
241,4,Burton-Judson,Dodd Mead,Single,016_BJ_Dodd_Mead_4_pdf_house_0.png
245,4,Burton-Judson,Dodd Mead,Single,016_BJ_Dodd_Mead_4_pdf_house_0.png
242,4,Burton-Judson,Dodd Mead,Single,016_BJ_Dodd_Mead_4_pdf_house_0.png
243,4,Burton-Judson,Dodd Mead,Single,016_BJ_Dodd_Mead_4_pdf_house_0.png
143,4,Burton-Judson,Dodd Mead,Double,016_BJ_Dodd_Mead_4_pdf_house_0.png
142,4,Burton-Judson,Dodd Mead,Single,016_BJ_Dodd_Mead_4_pdf_house_0.png
144,4,Burton-Judson,Dodd Mead,Single,016_BJ_Dodd_Mead_4_pdf_house_0.png
141,4,Burton-Judson,Dodd Mead,Single,016_BJ_Dodd_Mead_4_pdf_house_0.png
145,4,Burton-Judson,Dodd Mead,Single,016_BJ_Dodd_Mead_4_pdf_house_0.png
140,4,Burton-Judson,Dodd Mead,Single,016_BJ_Dodd_Mead_4_pdf_house_0.png
146,4,Burton-Judson,Dodd Mead,Single,016_BJ_Dodd_Mead_4_pdf_house_0.png
123,2,Burton-Judson,Dodd Mead,Single,017_BJ_Dodd_Mead_2_pdf_house_0.png
122,2,Burton-Judson,Dodd Mead,Single,017_BJ_Dodd_Mead_2_pdf_house_0.png
121,2,Burton-Judson,Dodd Mead,Single,017_BJ_Dodd_Mead_2_pdf_house_0.png
120,2,Burton-Judson,Dodd Mead,Single,017_BJ_Dodd_Mead_2_pdf_house_0.png
534,3,Burton-Judson,Coulter,Double,018_BJ_Coulter_3_pdf_house_0.png
533,3,Burton-Judson,Coulter,Single,018_BJ_Coulter_3_pdf_house_0.png
532,3,Burton-Judson,Coulter,Single,018_BJ_Coulter_3_pdf_house_0.png
531,3,Burton-Judson,Coulter,Single,018_BJ_Coulter_3_pdf_house_0.png
530,3,Burton-Judson,Coulter,Double,018_BJ_Coulter_3_pdf_house_0.png
535,3,Burton-Judson,Coulter,Single,018_BJ_Coulter_3_pdf_house_0.png
536A,3,Burton-Judson,Coulter,Single,018_BJ_Coulter_3_pdf_house_0.png
536B,3,Burton-Judson,Coulter,Single,018_BJ_Coulter_3_pdf_house_0.png
537,3,Burton-Judson,Coulter,Single,018_BJ_Coulter_3_pdf_house_0.png
514,1,Burton-Judson,Coulter,Double,019_BJ_Coulter_1_pdf_house_0.png
513,1,Burton-Judson,Coulter,Single,019_BJ_Coulter_1_pdf_house_0.png
512,1,Burton-Judson,Coulter,Single,019_BJ_Coulter_1_pdf_house_0.png
511,1,Burton-Judson,Coulter,Single,019_BJ_Coulter_1_pdf_house_0.png
510,1,Burton-Judson,Coulter,Double,019_BJ_Coulter_1_pdf_house_0.png
515,1,Burton-Judson,Coulter,Single,019_BJ_Coulter_1_pdf_house_0.png
516A,1,Burton-Judson,Coulter,Single,019_BJ_Coulter_1_pdf_house_0.png
544,4,Burton-Judson,Coulter,Double,020_BJ_Coulter_4_pdf_house_0.png
543,4,Burton-Judson,Coulter,Single,020_BJ_Coulter_4_pdf_house_0.png
541,4,Burton-Judson,Coulter,Single,020_BJ_Coulter_4_pdf_house_0.png
540,4,Burton-Judson,Coulter,Double,020_BJ_Coulter_4_pdf_house_0.png
545,4,Burton-Judson,Coulter,Single,020_BJ_Coulter_4_pdf_house_0.png
546A,4,Burton-Judson,Coulter,Single,020_BJ_Coulter_4_pdf_house_0.png
546B,4,Burton-Judson,Coulter,Single,020_BJ_Coulter_4_pdf_house_0.png
547,4,Burton-Judson,Coulter,Single,020_BJ_Coulter_4_pdf_house_0.png
520,2,Burton-Judson,Coulter,Double,021_BJ_Coulter_2_pdf_house_0.png
523,2,Burton-Judson,Coulter,Single,021_BJ_Coulter_2_pdf_house_0.png
524A,2,Burton-Judson,Coulter,Single,021_BJ_Coulter_2_pdf_house_0.png
524B,2,Burton-Judson,Coulter,Single,021_BJ_Coulter_2_pdf_house_0.png
525,2,Burton-Judson,Coulter,Single,021_BJ_Coulter_2_pdf_house_0.png
553,5,Burton-Judson,Coulter,Single,022_BJ_Coulter_5_pdf_house_0.png
552,5,Burton-Judson,Coulter,Single,022_BJ_Coulter_5_pdf_house_0.png
551,5,Burton-Judson,Coulter,Double,022_BJ_Coulter_5_pdf_house_0.png
550,5,Burton-Judson,Coulter,Single,022_BJ_Coulter_5_pdf_house_0.png
554,5,Burton-Judson,Coulter,Single,022_BJ_Coulter_5_pdf_house_0.png
555,5,Burton-Judson,Coulter,Double,022_BJ_Coulter_5_pdf_house_0.png
339,3,Burton-Judson,Chamberlin,Double,023_BJ_Chamberlin_3_pdf_house_0.png
338,3,Burton-Judson,Chamberlin,Single,023_BJ_Chamberlin_3_pdf_house_0.png
337,3,Burton-Judson,Chamberlin,Single,023_BJ_Chamberlin_3_pdf_house_0.png
336,3,Burton-Judson,Chamberlin,Single,023_BJ_Chamberlin_3_pdf_house_0.png
335,3,Burton-Judson,Chamberlin,Single,023_BJ_Chamberlin_3_pdf_house_0.png
334,3,Burton-Judson,Chamberlin,Single,023_BJ_Chamberlin_3_pdf_house_0.png
330A,3,Burton-Judson,Chamberlin,Single,023_BJ_Chamberlin_3_pdf_house_0.png
330B,3,Burton-Judson,Chamberlin,Single,023_BJ_Chamberlin_3_pdf_house_0.png
331,3,Burton-Judson,Chamberlin,Single,023_BJ_Chamberlin_3_pdf_house_0.png
332,3,Burton-Judson,Chamberlin,Single,023_BJ_Chamberlin_3_pdf_house_0.png
333,3,Burton-Judson,Chamberlin,Single,023_BJ_Chamberlin_3_pdf_house_0.png
349,4,Burton-Judson,Chamberlin,Double,024_BJ_Chamberlin_4_pdf_house_0.png
348,4,Burton-Judson,Chamberlin,Single,024_BJ_Chamberlin_4_pdf_house_0.png
347,4,Burton-Judson,Chamberlin,Single,024_BJ_Chamberlin_4_pdf_house_0.png
346,4,Burton-Judson,Chamberlin,Single,024_BJ_Chamberlin_4_pdf_house_0.png
345,4,Burton-Judson,Chamberlin,Single,024_BJ_Chamberlin_4_pdf_house_0.png
344,4,Burton-Judson,Chamberlin,Single,024_BJ_Chamberlin_4_pdf_house_0.png
340A,4,Burton-Judson,Chamberlin,Single,024_BJ_Chamberlin_4_pdf_house_0.png
340B,4,Burton-Judson,Chamberlin,Single,024_BJ_Chamberlin_4_pdf_house_0.png
341,4,Burton-Judson,Chamberlin,Single,024_BJ_Chamberlin_4_pdf_house_0.png
342,4,Burton-Judson,Chamberlin,Single,024_BJ_Chamberlin_4_pdf_house_0.png
343,4,Burton-Judson,Chamberlin,Single,024_BJ_Chamberlin_4_pdf_house_0.png
320A,2,Burton-Judson,Chamberlin,Single,025_BJ_Chamberlin_2_pdf_house_0.png
320B,2,Burton-Judson,Chamberlin,Single,025_BJ_Chamberlin_2_pdf_house_0.png
321,2,Burton-Judson,Chamberlin,Single,025_BJ_Chamberlin_2_pdf_house_0.png
322,2,Burton-Judson,Chamberlin,Single,025_BJ_Chamberlin_2_pdf_house_0.png
323,2,Burton-Judson,Chamberlin,Single,025_BJ_Chamberlin_2_pdf_house_0.png
356,5,Burton-Judson,Chamberlin,Double,026_BJ_Chamberlin_5_pdf_house_0.png
355,5,Burton-Judson,Chamberlin,Single,026_BJ_Chamberlin_5_pdf_house_0.png
354,5,Burton-Judson,Chamberlin,Single,026_BJ_Chamberlin_5_pdf_house_0.png
350A,5,Burton-Judson,Chamberlin,Single,026_BJ_Chamberlin_5_pdf_house_0.png
350B,5,Burton-Judson,Chamberlin,Single,026_BJ_Chamberlin_5_pdf_house_0.png
351,5,Burton-Judson,Chamberlin,Single,026_BJ_Chamberlin_5_pdf_house_0.png
352,5,Burton-Judson,Chamberlin,Single,026_BJ_Chamberlin_5_pdf_house_0.png
361,6,Burton-Judson,Chamberlin,Double,027_BJ_Chamberlin_6_pdf_house_0.png
360,6,Burton-Judson,Chamberlin,Double,027_BJ_Chamberlin_6_pdf_house_0.png
318,1,Burton-Judson,Chamberlin,Single,028_BJ_Chamberlin_1_pdf_house_0.png
317,1,Burton-Judson,Chamberlin,Single,028_BJ_Chamberlin_1_pdf_house_0.png
316,1,Burton-Judson,Chamberlin,Single,028_BJ_Chamberlin_1_pdf_house_0.png
315,1,Burton-Judson,Chamberlin,Single,028_BJ_Chamberlin_1_pdf_house_0.png
314,1,Burton-Judson,Chamberlin,Single,028_BJ_Chamberlin_1_pdf_house_0.png
310A,1,Burton-Judson,Chamberlin,Single,028_BJ_Chamberlin_1_pdf_house_0.png
310B,1,Burton-Judson,Chamberlin,Single,028_BJ_Chamberlin_1_pdf_house_0.png
311,1,Burton-Judson,Chamberlin,Single,028_BJ_Chamberlin_1_pdf_house_0.png
312,1,Burton-Judson,Chamberlin,Single,028_BJ_Chamberlin_1_pdf_house_0.png
313,1,Burton-Judson,Chamberlin,Single,028_BJ_Chamberlin_1_pdf_house_0.png

W123,,Burton-Judson,Chamberlin,,